strategy_version,stop_policy,post_tp1_stop_fib_ratio,asset,timeframe,entry_level,min_distance,min_move,v6_selection_policy,v6_selection_robust_rank,v6_selection_robust_score,number_of_trades,trades_per_year,initial_capital,final_equity,total_return,annualized_return,net_pnl,gross_pnl,profit_factor,expectancy,average_r,median_r,win_rate,average_win,average_loss,sharpe_ratio,sortino_ratio,calmar_ratio,maximum_drawdown,average_holding_duration,fees,slippage,stop_before_tp1_rate,post_tp1_stop_exit_rate,percentage_trades_improved_vs_0880,percentage_trades_worsened_vs_0880,average_incremental_r_vs_0880,comparable_trades_vs_0880,early_return,late_return,tp1_reach_rate,tp2_reach_rate,tp3_reach_rate,tp4_reach_rate,tp5_reach_rate,warnings,stop_neighborhood_penalty,placement_instability_penalty,consistency_penalty,cost_penalty,low_trade_penalty,robust_score,robust_rank
Strategy_V6_5_PostTP1StopPlacement,Fib 0.830,0.83,ETH,4h,0.9,16,0.0025,C,7,0.7298264749028099,56,12.366384522370012,10000.0,19818.742188862434,0.9818742188862435,0.16294159272163178,9818.742188862434,11019.762460126563,3.9848658246411124,175.33468194397204,0.6252182820860674,0.6027808416101634,0.8214285714285714,284.96197650303156,-328.9508730277014,1.9336926385629158,0.7943920909339156,2.638351956362129,-0.06175885379079693,43.5,1201.0202712641299,240.2045046514815,0.17857142857142858,0.75,0.6538461538461539,0.09615384615384616,0.05880448272169225,52,0.39869513509024723,0.4169451005907503,0.8214285714285714,0.23214285714285715,0.17857142857142858,0.10714285714285714,0.07142857142857142,,0.05802838068173476,0.10330903611738872,0.0036495879303354915,0.01307854666677687,0.0,1.0647978604834496,1
Strategy_V6_5_PostTP1StopPlacement,Fib 0.820,0.82,ETH,4h,0.9,16,0.0025,C,7,0.7298264749028099,56,12.366384522370012,10000.0,19639.06778376299,0.9639067783762989,0.1606067095312873,9639.067783762988,10828.8535539886,3.9582201734555227,172.12621042433906,0.616377728774031,0.6577571468678729,0.8214285714285714,280.3797577293004,-325.8401071784832,1.9450016065843958,0.712814578434322,2.6164324126454623,-0.06138385564827131,33.0,1189.785770225611,237.95759671754496,0.17857142857142858,0.75,0.6346153846153846,0.11538461538461539,0.07933697803373532,52,0.39589687576206,0.40691394362792455,0.8214285714285714,0.19642857142857142,0.14285714285714285,0.08928571428571429,0.07142857142857142,,0.05443489257974584,0.10918990747617299,0.0022033244304839055,0.013184621620607975,0.0,1.062255799853906,2
Strategy_V6_5_PostTP1StopPlacement,Fib 0.850,0.85,ETH,4h,0.9,16,0.0025,C,7,0.7298264749028099,56,12.366384522370012,10000.0,18225.853663502552,0.8225853663502551,0.14163653094380635,8225.853663502545,9370.702897042636,3.635275226443494,146.89024399111688,0.5494823635127083,0.48694644408793464,0.8214285714285714,246.68029835809904,-312.14400609700124,1.697290126804953,0.695507105148133,2.265863646058818,-0.06250885007584861,44.42857142857143,1144.8492335400917,228.9702306949234,0.17857142857142858,0.75,0.6538461538461539,0.09615384615384616,-0.018786584629579876,52,0.353074694217683,0.3469953832844628,0.8214285714285714,0.23214285714285715,0.17857142857142858,0.10714285714285714,0.07142857142857142,,0.02617061017453709,0.08673511494249277,0.0012158472082452274,0.014660794172319648,0.0,1.0606354580923376,3
Strategy_V6_5_PostTP1StopPlacement,Fib 0.840,0.84,ETH,4h,0.9,16,0.0025,C,7,0.7298264749028099,56,12.366384522370012,10000.0,19006.050385383307,0.9006050385383306,0.15224561324290575,9006.05038538331,10178.577849587438,3.8107101530179803,160.82232831041625,0.5873503227993895,0.544863642849049,0.8214285714285714,265.4400162684045,-320.41903629632986,1.8175580238121982,0.7400730797572245,2.450284482704922,-0.06213385193332266,43.5,1172.527464204128,234.50590936415375,0.17857142857142858,0.75,0.6538461538461539,0.09615384615384616,0.02000894904605762,52,0.3757081569134242,0.38154668123984914,0.8214285714285714,0.23214285714285715,0.17857142857142858,0.10714285714285714,0.07142857142857142,,0.04177454461215219,0.10349156438861375,0.0011676915970821773,0.013823477055051575,0.0,1.0582033517060168,4
Strategy_V6_5_PostTP1StopPlacement,Fib 0.860,0.86,ETH,4h,0.9,16,0.0025,C,7,0.7298264749028099,56,12.366384522370012,10000.0,17476.776068655923,0.7476776068655924,0.1311121632819452,7476.776068655922,8594.989048955165,3.458512418753712,133.51385836885575,0.5116068192883515,0.4290292453268203,0.8214285714285714,228.6511947528529,-304.1178889975309,1.5673878978036975,0.6315294554328406,2.084989500430022,-0.06288384821837412,45.285714285714285,1118.2129802992422,223.64294880510647,0.17857142857142858,0.75,0.6730769230769231,0.07692307692307693,-0.05759028669963717,52,0.3307896825409675,0.3132635680858544,0.8214285714285714,0.23214285714285715,0.17857142857142858,0.10714285714285714,0.07142857142857142,,0.016789782132844464,0.0749930415112275,0.0035048640415478033,0.015612072586264309,0.0,1.0435250507138407,5
Strategy_V6_5_PostTP1StopPlacement,Fib 0.880,0.88,ETH,4h,0.9,16,0.0025,C,7,0.7298264749028099,52,11.483071342200725,10000.0,17616.79416503692,0.7616794165036922,0.13310574658884788,7616.794165036926,8668.367840685583,3.687677682524015,146.47681086609472,0.5603735369423376,0.31319484780458806,0.8269230769230769,243.04099458630137,-314.8854002415592,1.5643540094684876,0.8020548165527833,2.0014534844016945,-0.066504541637468,87.3076923076923,1051.5736756486576,210.31509027702424,0.17307692307692307,0.7115384615384616,0.0,0.0,0.0,52,0.4069797339532939,0.25210006511875793,0.8269230769230769,0.28846153846153844,0.23076923076923078,0.1346153846153846,0.11538461538461539,,0.0139894202052245,0.0826392033911823,0.030730606840124377,0.01455739752993545,0.0,1.0145156807336917,6
Strategy_V6_5_PostTP1StopPlacement,Fib 0.786,0.786,ETH,4h,0.9,16,0.0025,C,7,0.7298264749028099,56,12.366384522370012,10000.0,20985.537648752488,1.0985537648752488,0.17771554935821587,10985.537648752466,12226.71508921825,4.188006230160107,196.17031515629404,0.6749056725602827,0.854407556418928,0.8214285714285714,313.7268166254709,-344.58959160191966,2.1406864098851965,0.5973450641738638,2.956561537724447,-0.060108861963683924,13.142857142857142,1241.1774404657842,248.23598709117718,0.17857142857142858,0.7857142857142857,0.6730769230769231,0.11538461538461539,0.13238293252449027,52,0.42113059542913334,0.47667904105713577,0.8214285714285714,0.16071428571428573,0.10714285714285714,0.05357142857142857,0.03571428571428571,,0.08136428987953581,0.16968129693956988,0.011098276415564691,0.012181631915757605,0.0,1.0012541746454484,7
Strategy_V6_5_PostTP1StopPlacement,Fib 0.870,0.87,ETH,4h,0.9,16,0.0025,C,7,0.7298264749028099,56,12.366384522370012,10000.0,16931.51210870526,0.6931512108705262,0.12322800884113949,6931.5121087052685,8031.356357806157,3.3209658780082414,123.77700194116551,0.48306998691798736,0.3711120465657013,0.8214285714285714,215.60846727953611,-298.64773861533934,1.4667160798224355,0.6011431537109139,1.9473974679300363,-0.0632783039263799,48.285714285714285,1099.8442491008886,219.96917987317374,0.17857142857142858,0.75,0.6923076923076923,0.057692307692307696,-0.08633691446539536,52,0.30884812465907996,0.2936193122571398,0.8214285714285714,0.25,0.17857142857142858,0.10714285714285714,0.07142857142857142,,0.027695061331857694,0.07576291502518377,0.003045527047806248,0.016433256976466453,0.0,1.0008522445405985,8
Strategy_V6_5_PostTP1StopPlacement,Fib 0.870,0.87,ETH,1d,0.9,4,0.0025,C,102,0.580670293237915,39,8.617513611615246,10000.0,17258.689926698426,0.7258689926698425,0.1280642902604241,7258.689926698421,7951.290961878575,4.118563747815799,186.12025453072874,0.7172776299090718,0.8585678040515696,0.8205128205128205,299.5707680506187,-332.5106644173397,1.769094082464254,1.5534276339372088,1.7970651946420841,-0.07126301852723282,288.61538461538464,692.6010351801535,138.5205306284776,0.1794871794871795,0.717948717948718,0.717948717948718,0.0,0.03024696616187958,39,0.1999380637813939,0.43829839619477506,0.8205128205128205,0.5128205128205128,0.2564102564102564,0.1282051282051282,0.10256410256410256,,0.0231887454032516,0.07576291502518377,0.04678928363628208,0.010452661961351117,0.0,1.0004863022445565,9
Strategy_V6_5_PostTP1StopPlacement,Fib 0.786,0.786,ETH,1d,0.9,4,0.0025,C,102,0.580670293237915,45,9.94328493647913,10000.0,19168.49248447369,0.9168492484473689,0.15451194363130938,9168.492484473685,10003.500797670422,4.264793118278808,203.74427743274856,0.7359174474991923,0.9123653336286863,0.8222222222222222,323.69687869350173,-351.0365033982344,2.1221996537022787,0.9370523305911631,2.168192518708187,-0.07126301852723294,49.06666666666667,835.0083131967368,167.00206945944652,0.17777777777777778,0.8222222222222222,0.6666666666666666,0.15384615384615385,0.058725515010124026,39,0.3430388822645061,0.4272477690410257,0.8222222222222222,0.4222222222222222,0.13333333333333333,0.0,0.0,,0.061384796558756886,0.16968129693956988,0.01680208083421207,0.010016597218541012,0.0,0.9823712353255638,10
Strategy_V6_5_PostTP1StopPlacement,Fib 0.900,0.9,ETH,4h,0.9,16,0.0025,C,7,0.7298264749028099,49,10.82058645707376,10000.0,17120.95891869783,0.7120958918697831,0.12598942414478098,7120.958918697828,8078.041087571847,3.8706689100251985,145.325692218323,0.5660972965603019,0.20265313008868463,0.8367346938775511,234.18417372624168,-310.0740255097601,1.4820234814644249,0.7794214919528176,1.6604284993257314,-0.07587765699995086,103.51020408163265,957.0821688740186,191.41676455309985,0.16326530612244897,0.6938775510204082,0.02040816326530612,0.6938775510204082,-0.015402100470105285,49,0.36913815570457964,0.25049169416267714,0.8367346938775511,0.30612244897959184,0.24489795918367346,0.16326530612244897,0.14285714285714285,,0.02390612513200633,0.08078488724840037,0.023618570106911263,0.014217542606883946,0.0,0.9812033899358561,11
Strategy_V6_5_PostTP1StopPlacement,Fib 0.880,0.88,ETH,1d,0.9,4,0.0025,C,102,0.580670293237915,39,8.617513611615246,10000.0,16861.240654232384,0.6861240654232383,0.12227586494013698,6861.240654232399,7544.095315787906,3.999762628913119,175.9292475444205,0.6870306637471922,0.8214741120241068,0.8205128205128205,285.89068277713903,-326.7515992337215,1.6917146797404836,1.4765007807478872,1.7158389788584334,-0.07126301852723294,288.61538461538464,682.8546615555068,136.5712395377504,0.1794871794871795,0.717948717948718,0.0,0.0,0.0,39,0.18976734214451385,0.417188054921779,0.8205128205128205,0.5128205128205128,0.2564102564102564,0.1282051282051282,0.10256410256410256,,0.015239759953930766,0.0826392033911823,0.04471588310128124,0.010861817975422496,0.0,0.979942493149186,12
Strategy_V6_5_PostTP1StopPlacement,Fib 0.850,0.85,ETH,1d,0.9,4,0.0025,C,102,0.580670293237915,39,8.617513611615246,10000.0,16770.240635454666,0.6770240635454665,0.12093561214016058,6770.240635454666,7458.596124513601,3.954700635010171,173.59591372960682,0.6775901679044498,0.5421321561013206,0.8205128205128205,283.1745734127484,-327.3351019647549,1.7184073260373094,1.4324506721292347,1.6970318496113885,-0.07126301852723282,256.61538461538464,688.355489058937,137.67140166247836,0.1794871794871795,0.7692307692307693,0.717948717948718,0.05128205128205128,-0.0094404958427423,39,0.1876668759359459,0.4120323615356205,0.8205128205128205,0.48717948717948717,0.23076923076923078,0.07692307692307693,0.05128205128205128,,0.0134197595783764,0.08673511494249277,0.04413498746112485,0.01107483066426637,0.0,0.9760607173646272,13
Strategy_V6_5_PostTP1StopPlacement,Fib 0.890,0.89,ETH,4h,0.9,16,0.0025,C,7,0.7298264749028099,52,11.483071342200725,10000.0,16983.90304127452,0.698390304127452,0.12399406864025897,6983.903041274519,8014.11019088404,3.5229719522101983,134.30582771681767,0.5249211100084801,0.2552776490434726,0.8269230769230769,226.79136183588005,-307.56950196314716,1.4561253994988854,0.7342834366562093,1.7783718869364957,-0.06972336301034132,87.92307692307692,1030.2071496095202,206.04175872796415,0.17307692307692307,0.7115384615384616,0.0,0.7115384615384616,-0.03545242693385742,52,0.3879403521826119,0.22367672462050736,0.8269230769230769,0.28846153846153844,0.23076923076923078,0.1346153846153846,0.11538461538461539,,0.026647242680472548,0.07629738617943779,0.03256039689535597,0.015425903548764573,0.0,0.9694407804438872,14
Strategy_V6_5_PostTP1StopPlacement,Fib 0.820,0.82,ETH,1d,0.9,4,0.0025,C,102,0.580670293237915,39,8.617513611615246,10000.0,16656.648020213313,0.6656648020213314,0.11925463948836335,6656.6480202133125,7338.514545745704,3.9270574116811203,170.68328256957213,0.6664364711888511,0.7143884701741439,0.8205128205128205,279.0882965816743,-324.88249577146627,1.748089574210425,1.2830738427285324,1.6734435609514737,-0.07126301852723282,188.92307692307693,681.8665255323903,136.3736041019923,0.1794871794871795,0.8205128205128205,0.717948717948718,0.10256410256410256,-0.020594192558341187,39,0.21973185382138238,0.365599165753403,0.8205128205128205,0.46153846153846156,0.1794871794871795,0.02564102564102564,0.0,,0.011147907273549374,0.10918990747617299,0.028968297775496105,0.011149942192439125,0.0,0.968011399720727,15
Strategy_V6_5_PostTP1StopPlacement,Fib 0.890,0.89,ETH,1d,0.9,4,0.0025,C,102,0.580670293237915,39,8.617513611615246,10000.0,16472.57993735633,0.6472579937356331,0.1165116897666243,6472.579937356336,7145.848159723313,3.8796665847031613,165.96358813734196,0.656783697585312,0.78438041999665,0.8205128205128205,272.50824185226344,-321.09768598801344,1.612970535765199,1.396941418683271,1.6349530538353456,-0.07126301852723294,289.2307692307692,673.2682223669767,134.65393569346426,0.1794871794871795,0.717948717948718,0.0,0.717948717948718,-0.03024696616188025,39,0.1796728813422488,0.396368450770318,0.8205128205128205,0.5128205128205128,0.2564102564102564,0.1282051282051282,0.10256410256410256,,0.010673801785626403,0.07629738617943779,0.042673259868919074,0.011306175838078874,0.0,0.9669876938722421,16
Strategy_V6_5_PostTP1StopPlacement,Fib 0.860,0.86,ETH,1d,0.9,4,0.0025,C,102,0.580670293237915,39,8.617513611615246,10000.0,16359.410928877127,0.6359410928877127,0.11481338829417265,6359.41092887713,7037.692032655225,3.826768361299745,163.06181868915718,0.6453282627538056,0.48402560090271823,0.8205128205128205,269.03504979734566,-321.3872378054189,1.6383940709740357,1.3862261713763977,1.6111215980880307,-0.07126301852723305,264.61538461538464,678.2811037780964,135.65650768954896,0.1794871794871795,0.7692307692307693,0.717948717948718,0.05128205128205128,-0.041702400993386526,39,0.17714689903294922,0.389751010882051,0.8205128205128205,0.48717948717948717,0.23076923076923078,0.07692307692307693,0.05128205128205128,,0.012937181955210476,0.0749930415112275,0.041891543159371686,0.011565405358616665,0.0,0.9626720321226634,17
Strategy_V6_5_PostTP1StopPlacement,Fib 0.840,0.84,ETH,1d,0.9,4,0.0025,C,102,0.580670293237915,39,8.617513611615246,10000.0,16552.76134158675,0.6552761341586748,0.11770945947278211,6552.761341586752,7234.181617865334,3.8910167146003634,168.0195215791475,0.6594025137735784,0.600238711299923,0.8205128205128205,275.604856612115,-323.79915285727554,1.711977194529297,1.327964790322948,1.6517607856843728,-0.07126301852723282,212.92307692307693,681.4202762785837,136.28435007434527,0.1794871794871795,0.7948717948717948,0.717948717948718,0.07692307692307693,-0.027628149973613753,39,0.1982706350861716,0.3813875477634805,0.8205128205128205,0.48717948717948717,0.20512820512820512,0.05128205128205128,0.02564102564102564,,0.009070173701018059,0.10349156438861375,0.03621945014618422,0.011303346660989937,0.0,0.9602147196033283,18
Strategy_V6_5_PostTP1StopPlacement,Fib 0.830,0.83,ETH,1d,0.9,4,0.0025,C,102,0.580670293237915,39,8.617513611615246,10000.0,16219.27951272572,0.6219279512725719,0.11269773583027454,6219.279512725723,6890.42178760317,3.789016681815293,159.4687054545057,0.6317292727624654,0.6561599809228102,0.8205128205128205,264.03743360782903,-318.5597661035435,1.662426951758253,1.2168267474722145,1.5814336546410457,-0.07126301852723294,189.53846153846155,671.1422748774473,134.2287359614963,0.1794871794871795,0.8205128205128205,0.717948717948718,0.10256410256410256,-0.05530139098472667,39,0.2089587640131807,0.341590796602959,0.8205128205128205,0.46153846153846156,0.1794871794871795,0.02564102564102564,0.0,,0.015739810278238633,0.10330903611738872,0.026371948997818168,0.011688268667208712,0.0,0.9411976569489977,19
Strategy_V6_5_PostTP1StopPlacement,Fib 0.900,0.9,ETH,1d,0.9,4,0.0025,C,102,0.580670293237915,39,8.617513611615246,10000.0,16092.521458047737,0.6092521458047737,0.1107716852335614,6092.521458047734,6756.360412732001,3.758258770445615,156.21849892430086,0.626536731423432,0.7472867279691989,0.8205128205128205,259.4171961082081,-315.54697391641787,1.5268631923684761,1.3382105582409058,1.5544063038984361,-0.0712630185272326,300.9230769230769,663.8389546842682,132.76806650198148,0.1794871794871795,0.717948717948718,0.0,0.717948717948718,-0.06049393232375998,39,0.16965418300700574,0.3758358403572133,0.8205128205128205,0.5128205128205128,0.2564102564102564,0.1282051282051282,0.10256410256410256,,0.018274971371798277,0.08078488724840037,0.04066176870692981,0.01179047553006625,0.0,0.9281583151102762,20
Strategy_V6_5_PostTP1StopPlacement,Fib 0.786,0.786,SOL,1d,0.9,7,0.0025,C,125,0.5360028937917918,50,11.0480943738657,10000.0,17277.99510235349,0.727799510235349,0.12834279373394875,7277.995102353496,7929.426522484059,3.0756281192192527,145.55990204706993,0.5575432014861578,0.8924887613757064,0.78,276.5231077994925,-318.7641910751558,1.8478613262492665,0.8534367501615105,2.917137085229204,-0.0439961475872378,35.52,651.4314201305643,130.2866064146207,0.22,0.78,0.72,0.06,0.3098377742858913,50,0.33131899981335344,0.29781029976856077,0.78,0.16,0.08,0.0,0.0,,0.09484884633287988,0.16968129693956988,0.006699232823447185,0.009858443411116892,0.0,0.9033646364747135,21
Strategy_V6_5_PostTP1StopPlacement,no_stop_movement,,ETH,4h,0.9,16,0.0025,C,7,0.7298264749028099,46,10.158101571946796,10000.0,17021.12894594842,0.702112894594842,0.12453726711496671,7021.128945948416,7878.460308325209,2.611170810618693,152.63323795540035,0.6044507201982887,-0.4760243123560697,0.4782608695652174,517.2231624249822,-181.57419280838303,1.2452996193023613,0.8097671220687065,1.0767280245032718,-0.11566269687502528,190.0,857.3313623767933,171.4665944724177,0.17391304347826086,0.6086956521739131,0.2391304347826087,0.4782608695652174,-0.012048233118264133,46,0.31803134173447045,0.2914054777748589,0.8260869565217391,0.4782608695652174,0.41304347826086957,0.2826086956521739,0.21739130434782608,,0.02590272458699453,0.09855954781756653,0.005323914745317307,0.013058363139331617,0.0,0.8947092824489888,22
Strategy_V6_5_PostTP1StopPlacement,no_stop_movement,,ETH,1d,0.9,4,0.0025,C,102,0.580670293237915,34,7.512704174228675,10000.0,15693.127494690465,0.5693127494690464,0.10462467966309785,5693.1274946904605,6218.085948659969,3.141433570013845,167.44492631442532,0.687292778925459,0.35431926373233036,0.6176470588235294,397.6993569840405,-204.50453861341455,1.2737094331260805,1.2579650955167934,1.4681483022378012,-0.07126301852723282,444.70588235294116,524.9584539695095,104.99194371700848,0.20588235294117646,0.6176470588235294,0.2727272727272727,0.48484848484848486,0.17376946218536216,33,0.12355878688292243,0.3967339918392474,0.7941176470588235,0.6176470588235294,0.4411764705882353,0.2647058823529412,0.17647058823529413,,0.026262850638943736,0.09855954781756653,0.053315377777653085,0.010130937444219078,0.0,0.845043881918614,23
Strategy_V6_5_PostTP1StopPlacement,Fib 0.820,0.82,SOL,1d,0.9,7,0.0025,C,125,0.5360028937917918,50,11.0480943738657,10000.0,15365.886998866885,0.5365886998866884,0.0994966542699367,5365.886998866887,5969.854303835129,2.667378741570473,107.31773997733774,0.43836119398631856,0.6965202250866952,0.78,220.10369889166932,-292.5597507189288,1.501922082719808,0.7080439051175718,2.0856480580189807,-0.04770539012437314,39.84,603.9673049682428,120.79370461955129,0.22,0.78,0.74,0.04,0.19065576678605217,50,0.25831492284521795,0.22114795905960993,0.78,0.18,0.1,0.0,0.0,,0.05660668426314777,0.10918990747617299,0.007429971859386867,0.012140346693590097,0.0,0.8336177592617893,24
Strategy_V6_5_PostTP1StopPlacement,Fib 0.830,0.83,SOL,1d,0.9,7,0.0025,C,125,0.5360028937917918,50,11.0480943738657,10000.0,14773.625013727944,0.47736250137279446,0.08999511095526569,4773.625013727944,5362.544784589354,2.5266439312056908,95.47250027455888,0.3984681994079397,0.6385047453260293,0.78,202.57692798624763,-284.26137979415586,1.3761927950317068,0.6500065855766808,1.844300288202446,-0.04879634381176601,40.32,588.9197708614103,117.7841733854257,0.22,0.78,0.74,0.04,0.15076277220767334,50,0.23172565526868394,0.1994249653349376,0.78,0.18,0.1,0.0,0.0,,0.04476144456036897,0.10330903611738872,0.0064578922288787395,0.013178518271357487,0.0,0.7795136039340066,25
Strategy_V6_5_PostTP1StopPlacement,Fib 0.786,0.786,BTC,1d,0.9,7,0.0025,C,203,0.356381511540923,37,8.175589836660617,10000.0,14904.513365240187,0.49045133652401884,0.09212013924649876,4904.513365240192,5539.529503476329,2.7565829883840105,132.55441527676194,0.5535859855823865,0.8765135851153867,0.7297297297297297,285.0588687815984,-279.2076091862963,1.3544556085274337,0.5279916308289851,2.1899445490778695,-0.04206505561306939,39.567567567567565,635.0161382361376,127.00345430853524,0.2702702702702703,0.7027027027027027,0.6756756756756757,0.02702702702702703,0.2561489105153885,37,0.2836604233157911,0.16109471745967752,0.7297297297297297,0.2972972972972973,0.16216216216216217,0.02702702702702703,0.02702702702702703,,0.04997082784217653,0.16968129693956988,0.024391125953880426,0.0137560345525097,0.0,0.7233615384367856,26
Strategy_V6_5_PostTP1StopPlacement,Fib 0.840,0.84,SOL,1d,0.9,7,0.0025,C,125,0.5360028937917918,50,11.0480943738657,10000.0,14203.589056843393,0.4203589056843393,0.08056556325501929,4203.589056843397,4777.885263306303,2.3835413759469986,84.07178113686794,0.3585752048295604,0.5804892655653613,0.78,185.68900512793294,-276.2074675587262,1.247430538627262,0.5865539426120512,1.6149514464353945,-0.04988729749915877,41.28,574.2962064629077,114.85943700235133,0.22,0.78,0.74,0.04,0.11086977762929401,50,0.20566977553073817,0.17806627860360402,0.78,0.18,0.1,0.0,0.0,,0.03336072542267794,0.10349156438861375,0.005519297641419178,0.01442386339324445,0.0,0.7112258108942026,27
Strategy_V6_5_PostTP1StopPlacement,Fib 0.850,0.85,SOL,1d,0.9,7,0.0025,C,125,0.5360028937917918,50,11.0480943738657,10000.0,13942.128449823123,0.39421284498231235,0.07614154403593232,3942.128449823107,4512.841118150336,2.3077728865445546,78.84256899646215,0.339942436481015,0.5224737858046911,0.78,178.37209027575878,-274.034824630135,1.1654137258677015,0.5782644468449785,1.493608396986731,-0.05097825118655164,48.0,570.7126683272287,114.14271874478503,0.22,0.78,0.76,0.02,0.0922370092807486,50,0.20495516561638794,0.15706615878036478,0.78,0.2,0.12,0.0,0.0,,0.028131513282272546,0.08673511494249277,0.009570486305024994,0.015175703490148868,0.0,0.6857686464971533,28
Strategy_V6_5_PostTP1StopPlacement,Fib 0.820,0.82,SOL,4h,0.9,10,0.0025,C,144,0.5084995952585873,141,31.136789600967354,10000.0,20128.012119663686,1.0128012119663685,0.16692222765644615,10128.012119663705,12900.69028122976,1.6865498377708144,71.82987318910429,0.2570355239320587,0.6692179454888274,0.7021276595744681,251.31367912068916,-351.2390979353457,1.4383595238104872,0.5493886405169027,1.412312580258507,-0.11819071074612464,13.787234042553191,2772.678161566054,554.5361705222132,0.2978723404255319,0.6950354609929078,0.6715328467153284,0.0364963503649635,0.1676404986849026,137,0.7670700204767025,0.13906137767159632,0.7021276595744681,0.14893617021276595,0.04964539007092199,0.014184397163120567,0.0070921985815602835,,0.14469761189228847,0.10918990747617299,0.1113358975361972,0.02579097908372621,0.0,0.6632108179741892,29
Strategy_V6_5_PostTP1StopPlacement,Fib 0.840,0.84,SOL,4h,0.9,10,0.0025,C,144,0.5084995952585873,139,30.69513301088271,10000.0,18093.08901690127,0.8093089016901271,0.13979611452891283,8093.089016901277,10618.651007329401,1.6238533882274098,58.22366199209552,0.22168839017915704,0.5546901265933006,0.7122302158273381,212.78617133093059,-324.31854862152124,1.2204365498730634,0.5059316676260401,1.0423146725303234,-0.13412083530354968,18.503597122302157,2525.561990428125,505.1128430361277,0.28776978417266186,0.7050359712230215,0.6861313868613139,0.021897810218978103,0.10954749390711976,137,0.634289750340792,0.10709187358780103,0.7122302158273381,0.17266187050359713,0.05755395683453238,0.02158273381294964,0.007194244604316547,,0.10399914983704017,0.10349156438861375,0.09664724428305857,0.028541053203202216,0.0,0.6448446371694344,30
Strategy_V6_5_PostTP1StopPlacement,Fib 0.820,0.82,BTC,1d,0.9,7,0.0025,C,203,0.356381511540923,37,8.175589836660617,10000.0,13740.87913376773,0.37408791337677294,0.07269208317304865,3740.879133767729,4349.090721118064,2.4047088671366343,101.10484145318186,0.4417548272827425,0.6790864131028557,0.7297297297297297,237.18438466909544,-266.3099252297849,1.1029882141210965,0.4435573546662231,1.7280871762466756,-0.0420650556130695,44.75675675675676,608.2115873503359,121.64249629938303,0.2702702702702703,0.7027027027027027,0.6756756756756757,0.02702702702702703,0.14431775221574458,37,0.2284557460689436,0.11854897319162871,0.7297297297297297,0.2972972972972973,0.16216216216216217,0.02702702702702703,0.02702702702702703,,0.026698143212727343,0.10918990747617299,0.02189327223236471,0.016781762682156424,0.0,0.6369222948221102,31
Strategy_V6_5_PostTP1StopPlacement,Fib 0.830,0.83,SOL,4h,0.9,10,0.0025,C,144,0.5084995952585873,141,31.136789600967354,10000.0,18182.6184028336,0.8182618402833599,0.14103834357244005,8182.618402833595,10793.91890862488,1.5902765380375816,58.032754630025494,0.22047995610079607,0.6113147865283813,0.7021276595744681,222.6764217458136,-330.0558892857607,1.2397710637681711,0.4842128108572701,1.0163763840270512,-0.13876586055022533,14.609929078014185,2611.3005057912887,522.2605538053838,0.2978723404255319,0.6950354609929078,0.6715328467153284,0.0364963503649635,0.1304395362200633,137,0.6732491006990531,0.08666536233231681,0.7021276595744681,0.14893617021276595,0.04964539007092199,0.014184397163120567,0.0070921985815602835,,0.10578973755568674,0.10330903611738872,0.10548682989721547,0.029030800454622658,0.0,0.6317981938564156,32
Strategy_V6_5_PostTP1StopPlacement,Fib 0.860,0.86,SOL,1d,0.9,7,0.0025,C,125,0.5360028937917918,50,11.0480943738657,10000.0,13413.06957511085,0.341306957511085,0.06698810877720662,3413.0695751108506,3970.0604338228804,2.1643277935305343,68.26139150221701,0.3007968717310281,0.4644583060440186,0.78,162.67780593233692,-266.4877142045717,1.0299549192151294,0.5150212262309762,1.2742364344696622,-0.05257117671814737,50.4,556.9908587120303,111.39833500074373,0.22,0.78,0.76,0.02,0.053091444530761756,50,0.18029267024171958,0.1364189504255673,0.78,0.2,0.12,0.0,0.0,,0.01755033578802707,0.0749930415112275,0.008769118117031977,0.016835743557413903,0.0,0.6184963581065618,33
Strategy_V6_5_PostTP1StopPlacement,Fib 0.850,0.85,SOL,4h,0.9,10,0.0025,C,144,0.5084995952585873,138,30.47430471584039,10000.0,17208.2131264769,0.7208213126476901,0.12725325591456071,7208.213126476929,9680.416309567296,1.564738983824582,52.23342845273137,0.20536966463594117,0.4967989362638654,0.7101449275362319,203.79601047726396,-319.0948975073735,1.1159932671622323,0.5000998517657591,0.8210348199677874,-0.15499130221974433,24.579710144927535,2472.203183090368,494.4410436123193,0.2898550724637681,0.6956521739130435,0.6934306569343066,0.0072992700729927005,0.09873787904545465,137,0.6271861688831186,0.05754421070874849,0.7101449275362319,0.18115942028985507,0.07246376811594203,0.028985507246376812,0.014492753623188406,,0.08630163202855277,0.08673511494249277,0.10301925636999797,0.030645833111234172,0.0,0.6111436176479573,34
Strategy_V6_5_PostTP1StopPlacement,Fib 0.830,0.83,BTC,1d,0.9,7,0.0025,C,203,0.356381511540923,37,8.175589836660617,10000.0,13415.5329638649,0.34155329638649,0.06703137542968185,3415.5329638649064,4016.119939083599,2.3004025625719065,92.31170172607855,0.4088633101357885,0.6210195978050557,0.7297297297297297,223.779728728175,-262.65197117958184,1.0247518713965627,0.41292141843201613,1.5935168622208016,-0.04206505561306939,44.75675675675676,600.5869752186928,120.11756049322724,0.2702702702702703,0.7027027027027027,0.6756756756756757,0.02702702702702703,0.11142623506879057,37,0.21264009797156969,0.10630788032703054,0.7297297297297297,0.2972972972972973,0.16216216216216217,0.02702702702702703,0.02702702702702703,,0.020191219814670758,0.10330903611738872,0.021186654396695658,0.017945294130741793,0.0,0.593117168725465,35
Strategy_V6_5_PostTP1StopPlacement,Fib 0.850,0.85,BTC,1d,0.9,7,0.0025,C,203,0.356381511540923,37,8.175589836660617,10000.0,13246.540018173911,0.3246540018173911,0.06404874129663019,3246.540018173921,3847.51641567345,2.237974614354781,87.74432481551138,0.39210253657931143,0.5101277026986782,0.7297297297297297,217.37040428215093,-262.2460897444154,0.9724248758327552,0.4190803570679303,1.4879027444189368,-0.04304632244067996,54.486486486486484,600.9763974995285,120.19543820836918,0.2702702702702703,0.7027027027027027,0.7027027027027027,0.0,0.09466546151231349,37,0.2240493494109057,0.08219002971971934,0.7297297297297297,0.32432432432432434,0.1891891891891892,0.05405405405405406,0.02702702702702703,,0.01681136090085098,0.08673511494249277,0.028183064465003457,0.018743827388756375,0.0,0.5726457823679854,36
Strategy_V6_5_PostTP1StopPlacement,Fib 0.890,0.89,SOL,1d,0.9,7,0.0025,C,125,0.5360028937917918,45,9.94328493647913,10000.0,13105.294222947572,0.3105294222947572,0.06153299723906125,3105.29422294757,3581.875847261927,2.221002047295384,69.00653828772377,0.31055803269338816,0.29239204592387336,0.7777777777777778,161.3865277270344,-254.32342474986348,0.9293476864607995,0.5383038394083118,1.0862067468763434,-0.05664943383569898,91.73333333333333,476.5816243143579,95.31647195055321,0.2222222222222222,0.7333333333333333,0.022222222222222223,0.7333333333333333,0.023057571750532392,45,0.1549782040257477,0.1346789209760202,0.7777777777777778,0.24444444444444444,0.17777777777777778,0.044444444444444446,0.044444444444444446,,0.023705842831292623,0.07629738617943779,0.004059299065796363,0.01596644106752287,0.0,0.5685445938291309,37
Strategy_V6_5_PostTP1StopPlacement,Fib 0.840,0.84,BTC,1d,0.9,7,0.0025,C,203,0.356381511540923,37,8.175589836660617,10000.0,13097.569852764145,0.3097569852764146,0.06139480948346132,3097.569852764143,3690.646564885181,2.1957251400606776,83.71810412876061,0.375971792988834,0.5629699413612651,0.7297297297297297,210.67061288953698,-259.0536695253355,0.9449286630620296,0.38532245877924315,1.4498178449953631,-0.0423465676708219,44.75675675675676,593.0767121210374,118.61549479467955,0.2702702702702703,0.7027027027027027,0.6756756756756757,0.02702702702702703,0.07853471792183596,37,0.19701209586568136,0.0941885965899083,0.7297297297297297,0.2972972972972973,0.16216216216216217,0.02702702702702703,0.02702702702702703,,0.013831957592655673,0.10349156438861375,0.020492530440410984,0.01928367277666585,0.0,0.5403177020297678,38
Strategy_V6_5_PostTP1StopPlacement,Fib 0.860,0.86,BTC,1d,0.9,7,0.0025,C,203,0.356381511540923,37,8.175589836660617,10000.0,12944.709776079068,0.29447097760790686,0.058647014922765583,2944.709776079075,3538.5899639349886,2.13766162681737,79.58675070483986,0.3605473827418739,0.4520365472439734,0.7297297297297297,204.92954964408855,-258.8388064311316,0.8979125074844374,0.3969067397233473,1.3406234035685745,-0.04374607721053836,55.78378378378378,593.8801878559137,118.77618386581796,0.2702702702702703,0.7027027027027027,0.7027027027027027,0.0,0.06311030767487602,37,0.20943432448722454,0.07031109618683606,0.7297297297297297,0.32432432432432434,0.1891891891891892,0.05405405405405406,0.02702702702702703,,0.010774756058954126,0.0749930415112275,0.027646506835540485,0.02013955781780499,0.0,0.5324019815946422,39
Strategy_V6_5_PostTP1StopPlacement,Fib 0.786,0.786,SOL,4h,0.9,10,0.0025,C,144,0.5084995952585873,141,31.136789600967354,10000.0,29071.042861320504,1.9071042861320504,0.26553792719292457,19071.04286132052,22571.92836024628,2.0338293300359083,135.25562312993276,0.3892644302419996,0.8666123142016836,0.7092198581560284,375.18036293648566,-449.92666908117207,2.1508319823312227,0.784040816533296,2.4530873481167403,-0.10824642155395758,12.4822695035461,3500.8854989257597,700.1780306693422,0.2907801418439716,0.7021276595744681,0.6788321167883211,0.0364963503649635,0.30229557085655634,137,1.1902981569058082,0.3272641795210476,0.7092198581560284,0.14184397163120568,0.0425531914893617,0.014184397163120567,0.0070921985815602835,,0.32355822672542484,0.16968129693956988,0.139563510905107,0.018611894662017545,0.0,0.5318163099022607,40
Strategy_V6_5_PostTP1StopPlacement,Fib 0.860,0.86,SOL,4h,0.9,10,0.0025,C,144,0.5084995952585873,138,30.47430471584039,10000.0,15609.172127367896,0.5609172127367896,0.10325147768575227,5609.172127367903,7946.819171537132,1.4658866378948583,40.6461748359993,0.1696392095732897,0.438769673338267,0.7101449275362319,180.09133733481772,-300.99447328610586,0.9219366784826243,0.42538194662929263,0.5887272525036189,-0.1753808359417124,26.89855072463768,2337.6470441692295,467.5297454077596,0.2898550724637681,0.6956521739130435,0.6934306569343066,0.0072992700729927005,0.06274661774146997,137,0.5452114141070366,0.010164174614791577,0.7101449275362319,0.18115942028985507,0.07246376811594203,0.028985507246376812,0.014492753623188406,,0.05432081204637267,0.0749930415112275,0.09784595308106035,0.03529936606113048,0.0,0.529863188079399,41
Strategy_V6_5_PostTP1StopPlacement,Fib 0.870,0.87,SOL,1d,0.9,7,0.0025,C,125,0.5360028937917918,50,11.0480943738657,10000.0,12903.551150843214,0.2903551150843213,0.05790283423978493,2903.55115084321,3447.1966212280545,2.0185282408723078,58.0710230168642,0.2616513069810417,0.40644282628335493,0.78,147.5457243763655,-259.1574636213678,0.8964090496506117,0.45446648634558495,0.98471802331347,-0.05880143642029434,51.84,543.6454703848449,108.7292363139883,0.22,0.78,0.76,0.02,0.01394587978077531,50,0.15610882062458464,0.11611908158196615,0.78,0.2,0.12,0.0,0.0,,0.027740704273379803,0.07576291502518377,0.007993687149923108,0.018924789571951553,0.0,0.5082363823482234,42
Strategy_V6_5_PostTP1StopPlacement,Fib 0.786,0.786,XRP,4h,0.9,4,0.0025,C,338,0.1656234549000972,107,23.62862756952842,10000.0,16050.491200016026,0.6050491200016026,0.11006031760762647,6050.491200016025,8182.2541936104835,1.4768263116495741,56.546646729121726,0.23234178556860052,0.8418621676611873,0.6355140186915887,275.5820523260882,-325.3612399527687,1.121652960492445,0.30662671249720924,1.1854302193616233,-0.09284419766765861,11.700934579439252,2131.7629935944587,426.35294306313534,0.3644859813084112,0.616822429906542,0.5567010309278351,0.08247422680412371,0.17655282843038111,97,0.6221116448785622,-0.010518711785856727,0.6355140186915887,0.102803738317757,0.037383177570093455,0.018691588785046728,0.018691588785046728,,0.09705725062334238,0.16968129693956988,0.11197215233474303,0.03126419536874355,0.0,0.49030751795094335,43
Strategy_V6_5_PostTP1StopPlacement,Fib 0.900,0.9,SOL,1d,0.9,7,0.0025,C,125,0.5360028937917918,45,9.94328493647913,10000.0,12688.242159287567,0.2688242159287566,0.05397944937328214,2688.2421592875703,3155.067275239423,2.0814849652699925,59.73871465083489,0.2743449959695554,0.23436721895455143,0.7777777777777778,147.82678624438768,-248.56953592659988,0.8011788977218384,0.47960845364350885,0.9288141854625758,-0.05811652127857936,96.0,466.82511595185343,93.36515312765546,0.2222222222222222,0.7333333333333333,0.022222222222222223,0.7333333333333333,-0.013155464973300397,45,0.1373141838686709,0.11563210406181978,0.7777777777777778,0.24444444444444444,0.17777777777777778,0.044444444444444446,0.044444444444444446,,0.032046884104492745,0.08078488724840037,0.004335736554556962,0.017755255917229176,0.0,0.4695843546745648,44
Strategy_V6_5_PostTP1StopPlacement,Fib 0.870,0.87,BTC,1d,0.9,7,0.0025,C,203,0.356381511540923,37,8.175589836660617,10000.0,12649.461883670123,0.26494618836701234,0.053267286456714746,2649.4618836701193,3236.3462470492354,2.0370356417337727,71.60707793703025,0.3289922289044364,0.39394539178926863,0.7297297297297297,192.75198392974585,-255.48416824330198,0.8201153561836283,0.36584146745573254,1.1984765293674566,-0.04444583198039653,55.78378378378378,586.8843633791163,117.37700682474218,0.2702702702702703,0.7027027027027027,0.7027027027027027,0.0,0.03155515383743848,37,0.19497928924492935,0.05855072113115267,0.7297297297297297,0.32432432432432434,0.1891891891891892,0.05405405405405406,0.02702702702702703,,0.01667971390713303,0.07576291502518377,0.02711767713378805,0.021761001958488662,0.0,0.4654057196740111,45
Strategy_V6_5_PostTP1StopPlacement,Fib 0.880,0.88,SOL,1d,0.9,7,0.0025,C,125,0.5360028937917918,50,11.0480943738657,10000.0,12705.771505444593,0.2705771505444592,0.05430080268922155,2705.771505444584,3224.238685236087,1.9216165502523121,54.11543010889168,0.24770542720026636,0.34842734652268686,0.76,148.46496753420487,-244.65810507126676,0.8108996022607271,0.4576109759897795,0.9840404688495837,-0.05518147312854238,71.04,518.467179791502,103.693569075578,0.24,0.74,0.0,0.0,0.0,50,0.10099097173446991,0.15403048995290858,0.76,0.22,0.14,0.02,0.02,,0.03169629718135223,0.0826392033911823,0.01059796747324758,0.019296361392721267,0.0,0.4526216441667444,46
Strategy_V6_5_PostTP1StopPlacement,Fib 0.786,0.786,XRP,1d,0.9,7,0.0025,C,402,0.0958142538445731,28,6.1869328493647915,10000.0,13480.206847796875,0.3480206847796876,0.06816509096366419,3480.2068477968655,3828.341720121265,2.493169898313732,124.29310170703091,0.5473544624500897,0.902936522494739,0.7142857142857143,290.5478794687496,-291.3438426972658,1.1071738832859794,0.46010914835070243,0.5687459778241076,-0.11985155697179306,66.0,348.1348723244001,69.62713038362524,0.2857142857142857,0.7142857142857143,0.6785714285714286,0.03571428571428571,0.3015596970859808,28,0.4250407552143125,-0.05404762646457928,0.7142857142857143,0.32142857142857145,0.21428571428571427,0.0,0.0,,0.03569910995732344,0.16968129693956988,0.08910264572539556,0.010912348824879521,0.0,0.42326031082821636,47
Strategy_V6_5_PostTP1StopPlacement,Fib 0.820,0.82,XRP,1d,0.9,7,0.0025,C,402,0.0958142538445731,28,6.1869328493647915,10000.0,12954.606569571079,0.2954606569571079,0.05882568180464354,2954.6065695710845,3295.3001422766592,2.307233539299392,105.5216631989673,0.4751155232498311,0.7053239715115178,0.7142857142857143,260.7402261267815,-282.52474412056824,0.9645387705119237,0.45962258207366474,0.4907647006345787,-0.11986534836058815,99.42857142857143,340.6935727055745,68.13884907866557,0.2857142857142857,0.7142857142857143,0.7142857142857143,0.0,0.2293207578857221,28,0.3943724701914981,-0.07093643581532139,0.7142857142857143,0.35714285714285715,0.25,0.0,0.0,,0.025187104392807497,0.10918990747617299,0.08688024373810256,0.012406530638565312,0.0,0.39630946441692394,48
Strategy_V6_5_PostTP1StopPlacement,Fib 0.880,0.88,BTC,1d,0.9,7,0.0025,C,203,0.356381511540923,37,8.175589836660617,10000.0,12360.659202565505,0.2360659202565505,0.04790948776241444,2360.659202565491,2940.646585413122,1.9360960627734651,63.80160006933759,0.297437075066998,0.3358542363345638,0.7297297297297297,180.83230309503304,-252.18129810004012,0.741544032388643,0.3349460348948911,1.0612219534868297,-0.04514558675025471,55.78378378378378,579.9873828476306,115.99759883528294,0.2702702702702703,0.7027027027027027,0.0,0.0,0.0,37,0.18068264945122192,0.04690783830106304,0.7297297297297297,0.32432432432432434,0.1891891891891892,0.05405405405405406,0.02702702702702703,,0.0224557675292254,0.0826392033911823,0.026596496879396293,0.02366775338237855,0.0,0.3905051220488616,49
Strategy_V6_5_PostTP1StopPlacement,Fib 0.830,0.83,XRP,1d,0.9,7,0.0025,C,402,0.0958142538445731,28,6.1869328493647915,10000.0,12743.15309577227,0.27431530957722705,0.05498494124110098,2743.1530957722784,3080.3258545588346,2.2299410338364654,97.96975342043852,0.4452069900242499,0.6472026329870415,0.7142857142857143,248.67328929085346,-278.7890862555989,0.9072807653954095,0.4430541666687023,0.4562843024361707,-0.12050587966214943,104.57142857142857,337.1727587865559,67.4346776677261,0.2857142857142857,0.7142857142857143,0.7142857142857143,0.0,0.199412224660141,28,0.3789169519786606,-0.07585782613763414,0.7142857142857143,0.35714285714285715,0.25,0.0,0.0,,0.020958034916831333,0.10330903611738872,0.08516319167279454,0.013135215414157218,0.0,0.3646501137441203,50
Strategy_V6_5_PostTP1StopPlacement,Fib 0.890,0.89,BTC,4h,0.9,4,0.05,C,561,-0.0704528894394735,44,9.716444981862153,10000.0,12477.87092045308,0.24778709204530802,0.05006457821076671,2477.8709204530796,3292.5083289996833,1.684353914904,56.31524819211545,0.26731948907629033,0.2453710966354471,0.6818181818181818,203.28719271311488,-258.6246329243119,0.7141995688483651,0.2763252733249692,0.44077152977188416,-0.11358396545411409,82.0,814.6374085466038,162.9276199267356,0.3181818181818182,0.5909090909090909,0.022727272727272728,0.5909090909090909,0.03191155685583027,44,0.2055323764970276,0.03505066837861448,0.6818181818181818,0.25,0.20454545454545456,0.13636363636363635,0.09090909090909091,,0.01813196406085913,0.07629738617943779,0.03376981170372669,0.02969058634911151,0.0,0.33209777503318305,51
Strategy_V6_5_PostTP1StopPlacement,Fib 0.870,0.87,SOL,4h,0.9,10,0.0025,C,144,0.5084995952585873,138,30.47430471584039,10000.0,14157.2263142058,0.41572263142057997,0.07973562981007531,4157.226314205801,6369.027204196641,1.3658888239374276,30.124828363810153,0.13390875451063855,0.3807404104126659,0.7101449275362319,158.35938237056473,-284.0498289527386,0.7247476252398555,0.344486771407275,0.4082725348697339,-0.19530000918508095,28.492753623188406,2211.80088999084,442.3604504536308,0.2898550724637681,0.6956521739130435,0.6934306569343066,0.0072992700729927005,0.026755356437485604,137,0.46728429440049024,-0.035140881134407276,0.7101449275362319,0.18115942028985507,0.07246376811594203,0.028985507246376812,0.014492753623188406,,0.0833597283096146,0.07576291502518377,0.09280445844254567,0.04167294714482624,0.0,0.3320625954287228,52
Strategy_V6_5_PostTP1StopPlacement,Fib 0.890,0.89,BTC,1d,0.9,7,0.0025,C,203,0.356381511540923,37,8.175589836660617,10000.0,12078.167318549806,0.20781673185498062,0.04257355085117509,2078.167318549808,2651.355048063983,1.8348422769304003,56.166684285129946,0.265881921229561,0.277763080879859,0.7297297297297297,169.16520951542958,-248.92933383667906,0.6579603449625373,0.31776603617366406,0.928634173932315,-0.0458453415201131,64.21621621621621,573.1877295141753,114.63765654253314,0.2702702702702703,0.7027027027027027,0.0,0.7027027027027027,-0.03155515383743699,37,0.16654282521280273,0.035381389992817924,0.7297297297297297,0.32432432432432434,0.1891891891891892,0.05405405405405406,0.02702702702702703,,0.028105605209539374,0.07629738617943779,0.026082887532624374,0.025942409582562623,0.0,0.32683342045550856,53
Strategy_V6_5_PostTP1StopPlacement,Fib 0.840,0.84,XRP,1d,0.9,7,0.0025,C,402,0.0958142538445731,28,6.1869328493647915,10000.0,12534.95219675274,0.253495219675274,0.05115444936475977,2534.9521967527417,2868.6444561768612,2.1518117275277873,90.53400702688363,0.4152984567986669,0.5890812944625652,0.7142857142857143,236.78956097290137,-275.1048778381607,0.8485046711969808,0.4158835507733501,0.4222531147050068,-0.12114641096371104,105.42857142857143,333.6922594241193,66.73856930013761,0.2857142857142857,0.7142857142857143,0.7142857142857143,0.0,0.1695036914345581,28,0.36361900054878604,-0.08075846759922889,0.7142857142857143,0.35714285714285715,0.25,0.0,0.0,,0.01679401693644072,0.10349156438861375,0.08345326732628401,0.013958886674228167,0.0,0.325732470825394,54
Strategy_V6_5_PostTP1StopPlacement,Fib 0.850,0.85,XRP,1d,0.9,7,0.0025,C,402,0.0958142538445731,28,6.1869328493647915,10000.0,12329.95687245972,0.23299568724597197,0.04733418802920131,2329.9568724597134,2660.2084812029066,2.0728369778650215,83.21274544498976,0.3853899235730855,0.5309599559380858,0.7142857142857143,225.08642327356773,-271.47144912645524,0.7888235212988245,0.38656279310180924,0.38866390065118456,-0.1217869422652722,107.14285714285714,330.25160874319346,66.05043079898726,0.2857142857142857,0.7142857142857143,0.7142857142857143,0.0,0.1395951582089766,28,0.3484771467845946,-0.08563842540007816,0.7142857142857143,0.35714285714285715,0.25,0.0,0.0,,0.012694110450580314,0.08673511494249277,0.08175100107335304,0.014897405310240154,0.0,0.302675274626335,55
Strategy_V6_5_PostTP1StopPlacement,Fib 0.900,0.9,BTC,4h,0.9,4,0.05,C,561,-0.0704528894394735,44,9.716444981862153,10000.0,12312.497234038767,0.23124972340387662,0.046977454350848546,2312.497234038769,3119.8607948110393,1.644579952664866,52.55675531906293,0.2520946139425693,0.18756822666491663,0.6818181818181818,196.6700213562923,-256.25738618928574,0.668838830783777,0.2626432925698376,0.4062919039742998,-0.11562488420596273,85.18181818181819,807.3635607722704,161.47284340777657,0.3181818181818182,0.5909090909090909,0.045454545454545456,0.5681818181818182,0.01668668172210931,44,0.18970508606099035,0.03492011409351625,0.6818181818181818,0.2727272727272727,0.20454545454545456,0.13636363636363635,0.09090909090909091,,0.014824490332572849,0.08078488724840037,0.030712114342187808,0.031053834382335846,0.0,0.29747671356259897,56
Strategy_V6_5_PostTP1StopPlacement,Fib 0.860,0.86,XRP,1d,0.9,7,0.0025,C,402,0.0958142538445731,28,6.1869328493647915,10000.0,12128.120758646082,0.21281207586460815,0.0435241391054777,2128.120758646088,2454.9711047858705,1.9930081125139567,76.00431280878885,0.3554813903475038,0.47283861741360633,0.7142857142857143,213.5612933540559,-267.88813855437877,0.7283166274617461,0.35598039306360824,0.35550957507685266,-0.12242747356683381,107.14285714285714,326.85034613978337,65.37017004160043,0.2857142857142857,0.7142857142857143,0.7142857142857143,0.0,0.10968662498339499,28,0.3334899340157982,-0.09049776460461845,0.7142857142857143,0.35714285714285715,0.25,0.0,0.0,,0.008657388174307551,0.0749930415112275,0.08005690538242924,0.01597658381464308,0.0,0.2735970783400036,57
Strategy_V6_5_PostTP1StopPlacement,Fib 0.850,0.85,BTC,4h,0.9,4,0.05,C,561,-0.0704528894394735,45,9.937273276904474,10000.0,12137.726827193745,0.21377268271937444,0.04367959411150557,2137.7268271937355,2965.723851872347,1.5582439796146992,47.505040604305236,0.22853991427076825,0.4740844188007245,0.6666666666666666,198.90347113309377,-255.2918204532718,0.6658909138262443,0.207398640551498,0.4144301098866854,-0.10539676792173369,52.71111111111111,827.9970246786111,165.59953018863376,0.3333333333333333,0.6,0.5454545454545454,0.06818181818181818,-0.03647922562692915,44,0.159629330789697,0.04669022289459179,0.6666666666666666,0.17777777777777778,0.13333333333333333,0.08888888888888889,0.06666666666666667,,0.011329082195672413,0.08673511494249277,0.02249227134511503,0.03350266594241263,0.0,0.2721724265633033,58
Strategy_V6_5_PostTP1StopPlacement,Fib 0.786,0.786,BTC,4h,0.9,4,0.05,C,561,-0.0704528894394735,48,10.59975816203144,10000.0,12622.734113539447,0.26227341135394466,0.05274273061704249,2622.7341135394563,3529.4904420881985,1.5833520191065975,54.640294032072006,0.254194358720007,0.8393845916334913,0.6458333333333334,229.6356683353803,-264.46891793278434,0.789729285026091,0.18603868774072108,0.5059331377562414,-0.10424842075170404,27.25,906.7563285487433,181.35141414339023,0.3541666666666667,0.625,0.5227272727272727,0.11363636363636363,0.0766953445704052,44,0.19864315930883159,0.05308523354173578,0.6458333333333334,0.10416666666666667,0.0625,0.020833333333333332,0.020833333333333332,,0.021029227922586456,0.16968129693956988,0.028907715955646077,0.030829032137805204,0.0,0.26699148598502526,59
Strategy_V6_5_PostTP1StopPlacement,Fib 0.860,0.86,BTC,4h,0.9,4,0.05,C,561,-0.0704528894394735,45,9.937273276904474,10000.0,12069.85950704064,0.20698595070406411,0.042388980521838704,2069.8595070406436,2899.787857017995,1.5383784842308295,45.99687793423652,0.22251655583310825,0.41629312256721235,0.6666666666666666,197.14924378037387,-256.30785375803805,0.6355166675239359,0.21189306439068503,0.3945102494596122,-0.1074470956835768,61.51111111111111,829.9283499773508,165.98579262639254,0.3333333333333333,0.6,0.5777777777777777,0.022222222222222223,0.016790357305748408,45,0.16776661236362722,0.03358491150989029,0.6666666666666666,0.2,0.15555555555555556,0.08888888888888889,0.06666666666666667,,0.009971735792610348,0.0749930415112275,0.026676431375242466,0.034344379372217064,0.0,0.2630936507403115,60
Strategy_V6_5_PostTP1StopPlacement,Fib 0.900,0.9,BTC,1d,0.9,7,0.0025,C,203,0.356381511540923,37,8.175589836660617,10000.0,11801.85449009036,0.180185449009036,0.03725940788149096,1801.8544900903646,2368.3384008064163,1.7332736541044587,48.69877000244229,0.2343267673921236,0.21967192542514843,0.7297297297297297,157.74550998606577,-245.72742795334108,0.5794320069029947,0.28370617032301443,0.8005012525781146,-0.04654509628997128,64.86486486486487,566.4839107160517,113.29688140861201,0.2702702702702703,0.7027027027027027,0.0,0.7027027027027027,-0.06311030767487441,37,0.15255825086060404,0.023970326990243596,0.7297297297297297,0.32432432432432434,0.1891891891891892,0.05405405405405406,0.02702702702702703,,0.0336318617787283,0.08078488724840037,0.025576770533394216,0.028702857323649324,0.0,0.25132762870044467,61
Strategy_V6_5_PostTP1StopPlacement,Fib 0.820,0.82,XRP,4h,0.9,4,0.0025,C,338,0.1656234549000972,106,23.407799274486095,10000.0,13015.620026651508,0.3015620026651509,0.05988752132901709,3015.6200266514943,4908.144838995423,1.269312066777353,28.44924553444806,0.134581384315167,0.6449810923077359,0.6320754716981132,212.13601776700355,-287.11520932660886,0.6516312836892559,0.19322342865812217,0.5182728223119168,-0.1155521160879519,15.471698113207546,1892.5248123439278,378.505173934748,0.36792452830188677,0.6037735849056604,0.5257731958762887,0.10309278350515463,0.08419268778874942,97,0.4716096067844531,-0.1155521160879519,0.6320754716981132,0.11320754716981132,0.04716981132075472,0.02830188679245283,0.02830188679245283,,0.03635982715605203,0.10918990747617299,0.10557024383048533,0.046270639126931315,0.0,0.23195938372768798,62
Strategy_V6_5_PostTP1StopPlacement,Fib 0.870,0.87,XRP,1d,0.9,7,0.0025,C,402,0.0958142538445731,28,6.1869328493647915,10000.0,11929.398118849285,0.1929398118849286,0.03972428448210863,1929.3981188492803,2252.8861350730153,1.9123164312902607,68.90707567318859,0.3255728571219215,0.4147172788891315,0.7142857142857143,202.2116229978388,-264.35429263843696,0.6680523647581662,0.33156951268680546,0.3227832004312452,-0.12306800486839509,108.0,323.4880162237354,64.69769594809213,0.2857142857142857,0.7142857142857143,0.7142857142857143,0.0,0.07977809175781268,28,0.31865591792398273,-0.0953365501418858,0.7142857142857143,0.35714285714285715,0.25,0.0,0.0,,0.012631840970243464,0.07576291502518377,0.07837147466344047,0.017230596172995074,0.0,0.2232022319513006,63
Strategy_V6_5_PostTP1StopPlacement,Fib 0.880,0.88,BTC,4h,0.9,4,0.05,C,561,-0.0704528894394735,45,9.937273276904474,10000.0,11883.123791279153,0.18831237912791532,0.03880845486294082,1883.1237912791512,2695.7408272035245,1.5004079038481948,41.847195361758914,0.2057261985273598,0.30306712107585243,0.6666666666666666,188.2100448208851,-250.8785035564934,0.569971729760526,0.20259984790880417,0.34793090588492187,-0.11154069444976733,67.91111111111111,812.6170359243732,162.52352151542513,0.3333333333333333,0.6,0.0,0.0,0.0,45,0.13477366853568462,0.04718007835105764,0.6666666666666666,0.2222222222222222,0.17777777777777778,0.1111111111111111,0.06666666666666667,,0.006237021477380589,0.0826392033911823,0.017474050198320778,0.03617337941390227,0.0,0.2227918073087566,64
Strategy_V6_5_PostTP1StopPlacement,Fib 0.880,0.88,SOL,4h,0.9,10,0.0025,C,144,0.5084995952585873,137,30.253476420798066,10000.0,13436.964802416602,0.3436964802416602,0.06736544345399897,3436.9648024166013,5499.47624530407,1.3234442029599494,25.08733432420877,0.11611477579559212,0.32257562761432196,0.708029197080292,144.9805071273419,-265.653609723389,0.6167478504849175,0.3125156435657185,0.3136790031941133,-0.21475917344812323,35.386861313868614,2062.511442887468,412.50252505660296,0.291970802919708,0.6861313868613139,0.0,0.0,0.0,137,0.3849814371527718,-0.029809032672657887,0.708029197080292,0.1897810218978102,0.08029197080291971,0.0364963503649635,0.021897810218978103,,0.09776495854539856,0.0826392033911823,0.07850652577049613,0.04500453966061682,0.0,0.2096693117193634,65
Strategy_V6_5_PostTP1StopPlacement,Fib 0.870,0.87,BTC,4h,0.9,4,0.05,C,561,-0.0704528894394735,45,9.937273276904474,10000.0,11749.087315992045,0.1749087315992044,0.03621127121187162,1749.0873159920488,2566.967780558868,1.462316923721427,38.86860702204553,0.19230029876348778,0.3585018263337058,0.6666666666666666,184.41317719550872,-252.22053332488085,0.5464563823912266,0.18613845025213469,0.3307114267095219,-0.10949507119292112,64.62222222222222,817.8804645668188,163.57620213510037,0.3333333333333333,0.6,0.5777777777777777,0.022222222222222223,-0.01342589976387198,45,0.15116081115990476,0.020629542118769217,0.6666666666666666,0.2,0.15555555555555556,0.08888888888888889,0.06666666666666667,,0.008917750983122774,0.07576291502518377,0.025958987694714428,0.03823408591783108,0.0,0.1892830505232149,66
Strategy_V6_5_PostTP1StopPlacement,Fib 0.870,0.87,XRP,4h,0.9,4,0.0025,C,338,0.1656234549000972,99,21.862001209189845,10000.0,12328.940954299263,0.23289409542992634,0.04728586029084303,2328.940954299238,3973.1865106384084,1.2420287249944468,23.524656104032708,0.11813055723292538,0.3608847085712266,0.6363636363636364,189.70669399583792,-267.2939102066264,0.5160733403989154,0.23713380568370604,0.4227569926788021,-0.11185116061881295,55.75757575757576,1644.2455563391713,328.8492833492373,0.36363636363636365,0.5656565656565656,0.5773195876288659,0.010309278350515464,0.05144231799605894,97,0.3781433494615245,-0.10539488079259007,0.6363636363636364,0.20202020202020202,0.10101010101010101,0.0707070707070707,0.0707070707070707,,0.02262624570900712,0.07576291502518377,0.08981455640075968,0.049660262220395324,0.0,0.1762128017000763,67
Strategy_V6_5_PostTP1StopPlacement,Fib 0.830,0.83,XRP,4h,0.9,4,0.0025,C,338,0.1656234549000972,106,23.407799274486095,10000.0,12493.277269962544,0.24932772699625438,0.050350550389058224,2493.2772699625475,4355.834242081418,1.226932644329897,23.521483678891958,0.11508365863820318,0.5883971178873006,0.6320754716981132,201.19608373887883,-281.7143677062138,0.5538616899304759,0.17761847395988006,0.34884195934371315,-0.14433627905250912,19.58490566037736,1862.5569721188708,372.51158355756877,0.36792452830188677,0.6037735849056604,0.5463917525773195,0.08247422680412371,0.06527324400264155,97,0.4600685951869652,-0.14433627905250912,0.6320754716981132,0.1320754716981132,0.05660377358490566,0.02830188679245283,0.02830188679245283,,0.025912972022272728,0.10330903611738872,0.10803531200059889,0.05131206633355317,0.0,0.12930368407657755,68
Strategy_V6_5_PostTP1StopPlacement,Fib 0.860,0.86,XRP,4h,0.9,4,0.0025,C,338,0.1656234549000972,100,22.082829504232166,10000.0,11944.491893110882,0.19444918931108823,0.039989952212553526,1944.4918931108832,3579.607130905973,1.2054339947941006,19.44491893110883,0.09975277695982532,0.4179258257874757,0.64,178.27780834991137,-262.92466225787336,0.448850634459089,0.1986434257325869,0.3183839752383811,-0.12560290505391225,51.68,1635.1152377950891,327.0232038242013,0.36,0.59,0.5773195876288659,0.030927835051546393,0.029164955616593116,97,0.3660260266357973,-0.12560290505391225,0.64,0.18,0.08,0.05,0.05,,0.014937264485239497,0.0749930415112275,0.0911016676569823,0.0548143516834119,0.0,0.0948853560435772,69
Strategy_V6_5_PostTP1StopPlacement,Fib 0.850,0.85,XRP,4h,0.9,4,0.0025,C,338,0.1656234549000972,100,22.082829504232166,10000.0,11990.758453329852,0.19907584533298528,0.04087758134174746,1990.758453329857,3639.8874382765844,1.208894595824997,19.90758453329857,0.10112449227106682,0.4757912806850682,0.64,180.01132388672724,-264.7212854283524,0.464174939899987,0.19027385514910325,0.3191381847015313,-0.12808740320428136,44.56,1649.1289849467273,329.8259557778511,0.36,0.6,0.5567010309278351,0.061855670103092786,0.02998211069590209,97,0.3752248215470133,-0.12808740320428136,0.64,0.16,0.07,0.04,0.04,,0.015862595689618907,0.08673511494249277,0.0929436116725662,0.05436857524532612,0.0,0.08848004552832323,70
Strategy_V6_5_PostTP1StopPlacement,Fib 0.880,0.88,XRP,1d,0.9,7,0.0025,C,402,0.0958142538445731,28,6.1869328493647915,10000.0,11408.456520200198,0.14084565202001986,0.029523601116907994,1408.4565202001934,1720.4770761461705,1.6272567791103734,50.302018578578334,0.24579476536410885,0.3544984453053054,0.6785714285714286,192.3094250616453,-249.49139510789635,0.49753086306907024,0.2611248476046223,0.23865451836199109,-0.1237085361699568,123.42857142857143,312.02055594597647,62.40418250443698,0.32142857142857145,0.6785714285714286,0.0,0.0,0.0,28,0.2678244117559063,-0.10015484680565823,0.6785714285714286,0.35714285714285715,0.25,0.0,0.0,,0.023050672943225207,0.0826392033911823,0.07044458551324385,0.02176284378569672,0.0,0.07752329313186171,71
Strategy_V6_5_PostTP1StopPlacement,Fib 0.820,0.82,BTC,4h,0.9,4,0.05,C,561,-0.0704528894394735,48,10.59975816203144,10000.0,11325.366622586658,0.1325366622586659,0.027846119629430843,1325.3666225866727,2178.8399388973908,1.3153401081627114,27.61180463722235,0.13943365005177197,0.6427453219152547,0.6458333333333334,178.33360394903735,-247.23382940196964,0.44450544225408223,0.11086345130320266,0.26365705987902127,-0.10561492130044992,31.25,853.4733163107173,170.6947572435026,0.3541666666666667,0.625,0.5,0.13636363636363635,-0.04115692395807453,44,0.13257970340373904,-3.800275154486332e-05,0.6458333333333334,0.10416666666666667,0.0625,0.020833333333333332,0.020833333333333332,,0.017392164851230477,0.10918990747617299,0.026369133524322214,0.047005200119128704,0.0,0.04318749534246605,72
Strategy_V6_5_PostTP1StopPlacement,Fib 0.890,0.89,XRP,1d,0.9,7,0.0025,C,402,0.0958142538445731,28,6.1869328493647915,10000.0,11234.127366496818,0.12341273664968178,0.026028974344510125,1234.127366496818,1543.2788428465133,1.5558664658366665,44.07597737488636,0.21796165966364928,0.29631949182535494,0.6785714285714286,181.80600653636708,-246.6874175215729,0.44191562651122035,0.23331438095346113,0.20932182985989814,-0.1243490674715182,124.28571428571429,309.15147634969526,61.83035947429902,0.32142857142857145,0.6785714285714286,0.0,0.6785714285714286,-0.02783310570045953,28,0.25514345534248295,-0.10495271925459448,0.6785714285714286,0.35714285714285715,0.25,0.0,0.0,,0.02653725601729283,0.07629738617943779,0.06905974890613066,0.02403854867469924,0.0,0.03588601557412641,73
Strategy_V6_5_PostTP1StopPlacement,no_stop_movement,,BTC,4h,0.9,4,0.05,C,561,-0.0704528894394735,39,8.612303506650544,10000.0,11335.335862991378,0.1335335862991378,0.02804571310798254,1335.3358629913782,1993.8576144855328,1.2918874119149903,34.23938110234303,0.18326537946247742,-0.5061660307562974,0.38461538461538464,394.0111887112654,-190.61799865323346,0.3802050693626833,0.1775596323778902,0.16231798731155342,-0.17278253367047702,149.94871794871796,658.5217514941559,131.70443532129482,0.41025641025641024,0.4358974358974359,0.1794871794871795,0.4358974358974359,-0.010308559037172729,39,0.03420714231548816,0.09604115067438768,0.5897435897435898,0.38461538461538464,0.3333333333333333,0.20512820512820512,0.15384615384615385,,0.01719278004313609,0.09855954781756653,0.012351064479140658,0.03963303001550337,0.0,0.019578114264499305,74
Strategy_V6_5_PostTP1StopPlacement,Fib 0.880,0.88,XRP,4h,0.9,4,0.0025,C,338,0.1656234549000972,97,21.4203446191052,10000.0,11663.587803021375,0.16635878030213758,0.0345424867164863,1663.5878030213835,3227.663766577279,1.1834783267358548,17.15038972186993,0.09121786342924006,0.30308226941318483,0.6391752577319587,173.07310144666056,-259.05555676204483,0.39455916008639924,0.1966963748368389,0.2547789960518152,-0.13557823545808023,68.0,1564.0759635558957,312.8153343303126,0.36082474226804123,0.5773195876288659,0.0,0.0,0.0,97,0.33857608891445845,-0.12865709318921392,0.6391752577319587,0.20618556701030927,0.10309278350515463,0.07216494845360824,0.061855670103092786,,0.020555346287029628,0.0826392033911823,0.08719221391359294,0.05815014926032787,0.0,0.018909709363708907,75
Strategy_V6_5_PostTP1StopPlacement,Fib 0.890,0.89,XRP,4h,0.9,4,0.0025,C,338,0.1656234549000972,96,21.19951632406288,10000.0,11523.953308515423,0.15239533085154244,0.03179647782715356,1523.9533085154167,3062.7363371750225,1.1749170604446981,15.874513630368924,0.08576379073840733,0.24660802142351484,0.6458333333333334,165.10301777788573,-256.24805275627944,0.36279657244319774,0.19064431981423222,0.24275641500440098,-0.13098099931397122,76.83333333333333,1538.783028659605,307.75674055161636,0.3541666666666667,0.5833333333333334,0.020833333333333332,0.5625,-0.017368823801033363,96,0.31459143184299365,-0.12338137695303564,0.6458333333333334,0.21875,0.11458333333333333,0.07291666666666667,0.0625,,0.023348036177148652,0.07629738617943779,0.08239253979900622,0.06029052343808397,0.0,-6.418492195554848e-05,76
Strategy_V6_5_PostTP1StopPlacement,Fib 0.890,0.89,SOL,4h,0.9,10,0.0025,C,144,0.5084995952585873,135,29.811819830713425,10000.0,12250.027708890766,0.2250027708890765,0.045802889247787304,2250.027708890797,4170.217420226535,1.2191282965290398,16.666871917709607,0.08391927388584079,0.2645470028695829,0.6962962962962963,133.1713988938163,-250.44106797873016,0.44153148536404585,0.2340968176602851,0.19593271299510223,-0.2337684634057624,45.6,1920.1897113357377,384.03812443732807,0.3037037037037037,0.6666666666666666,0.014814814814814815,0.6666666666666666,-0.02060491066112837,135,0.30595241873622947,-0.06198514332205751,0.6962962962962963,0.2,0.08148148148148149,0.044444444444444446,0.02962962962962963,,0.1215037004159153,0.07629738617943779,0.0704372806872116,0.05525438133266191,0.0,-0.02186055375731278,77
Strategy_V6_5_PostTP1StopPlacement,Fib 0.840,0.84,XRP,4h,0.9,4,0.0025,C,338,0.1656234549000972,106,23.407799274486095,10000.0,11780.597754048942,0.17805977540489426,0.03682390734030028,1780.5977540489628,3591.394155427005,1.1673965840052145,16.798092019329836,0.08703518380882923,0.5321368073650085,0.6320754716981132,185.3373057667941,-272.7436341622113,0.42059266892970976,0.13661366244788017,0.21382608038803963,-0.17221429338027572,20.07547169811321,1810.7964013780418,362.15943841771565,0.36792452830188677,0.6037735849056604,0.5567010309278351,0.07216494845360824,0.03700968258606487,97,0.42314582866563333,-0.17221429338027572,0.6320754716981132,0.14150943396226415,0.05660377358490566,0.02830188679245283,0.02830188679245283,,0.018215147266478292,0.10349156438861375,0.10674794182517017,0.060504521245939386,0.0,-0.02732932933420043,78
Strategy_V6_5_PostTP1StopPlacement,no_stop_movement,,BTC,1d,0.9,7,0.0025,C,203,0.356381511540923,31,6.849818511796734,10000.0,10829.939323456478,0.08299393234564767,0.017760975857155525,829.9393234564822,1290.1959339127598,1.2653360536594958,26.772236240531683,0.1455054753873732,-0.47985445391198045,0.41935483870967744,304.44763676843695,-173.7711085851777,0.2691138056378811,0.1813960518497251,0.2168697233276494,-0.08189698213577756,244.6451612903226,460.25661045627754,92.05137738113841,0.3225806451612903,0.5806451612903226,0.0967741935483871,0.5806451612903226,-0.17239676390323908,31,0.027798351510066377,0.053702733376139955,0.6774193548387096,0.41935483870967744,0.3225806451612903,0.12903225806451613,0.0967741935483871,,0.05307016511140597,0.09855954781756653,0.005179717830937567,0.04280807072166465,0.0,-0.05202270093288221,79
Strategy_V6_5_PostTP1StopPlacement,Fib 0.830,0.83,BTC,4h,0.9,4,0.05,C,561,-0.0704528894394735,48,10.59975816203144,10000.0,10968.95638404706,0.09689563840470594,0.020618804800318857,968.9563840470626,1807.4791213505557,1.2351252212567247,20.186591334313803,0.10568050044346695,0.5849102425863559,0.6458333333333334,164.1928750379357,-242.41310247817316,0.3383913433120059,0.08562557260082977,0.18797058679218281,-0.10969165523281932,32.25,838.5227373034932,167.7046264680235,0.3541666666666667,0.625,0.5,0.13636363636363635,-0.07581935587821635,44,0.11380694941483838,-0.015183341259467853,0.6458333333333334,0.10416666666666667,0.0625,0.020833333333333332,0.020833333333333332,,0.024520369622022465,0.10330903611738872,0.025655923733130928,0.0556702067473764,0.0,-0.05223000441025431,80
Strategy_V6_5_PostTP1StopPlacement,Fib 0.900,0.9,XRP,1d,0.9,7,0.0025,C,402,0.0958142538445731,26,5.745009074410164,10000.0,10875.11496347138,0.08751149634713795,0.018696897468464257,875.1149634713735,1167.288064000478,1.4041469390286467,33.65826782582206,0.17336426811826697,0.23655812417105426,0.6538461538461539,178.85020908045584,-240.593176766264,0.34867650464213956,0.1755086917627234,0.1495876269065296,-0.12498959877307958,171.69230769230768,292.17310052910443,58.434669134723215,0.34615384615384615,0.6153846153846154,0.038461538461538464,0.6153846153846154,0.0035761835297175187,26,0.22155276462476903,-0.10973023201237253,0.6538461538461539,0.3076923076923077,0.23076923076923078,0.038461538461538464,0.038461538461538464,,0.033717504077801594,0.08078488724840037,0.06393462698745045,0.03003609652807039,0.0,-0.06622256652927934,81
Strategy_V6_5_PostTP1StopPlacement,no_stop_movement,,XRP,1d,0.9,7,0.0025,C,402,0.0958142538445731,19,4.198275862068965,10000.0,10884.154719384363,0.08841547193843624,0.01888381379815507,884.1547193843642,1071.64594494373,1.374270585434492,46.534458914966535,0.24689661161725857,-0.4691321181612043,0.3684210526315789,463.7850914399051,-196.86174339124764,0.3575069751948224,0.2272780124116007,0.15916269905125333,-0.11864471959019829,485.05263157894734,187.4912255593656,37.498289477636604,0.42105263157894735,0.42105263157894735,0.21052631578947367,0.42105263157894735,0.10494935180952544,19,0.23311828475263874,-0.11734706605476164,0.5789473684210527,0.3684210526315789,0.3684210526315789,0.21052631578947367,0.15789473684210525,fewer_than_20_trades,0.03353670895954194,0.09855954781756653,0.06735763535489953,0.020994761945263177,0.0375,-0.11094014118930312,82
Strategy_V6_5_PostTP1StopPlacement,Fib 0.900,0.9,XRP,4h,0.9,4,0.0025,C,338,0.1656234549000972,96,21.19951632406288,10000.0,11162.224715440874,0.11622247154408738,0.024560248280361074,1162.2247154408738,2687.290178298919,1.135093066289727,12.106507452509101,0.0691622994111479,0.18879931269137024,0.6458333333333334,157.5059007885429,-253.0335627484937,0.2901845268132035,0.1566441727396825,0.1595948743343184,-0.1538912097446965,81.66666666666667,1525.0654628580457,305.01321226371977,0.3541666666666667,0.5833333333333334,0.03125,0.5520833333333334,-0.03397031512829274,96,0.3068474282436984,-0.14586626761457233,0.6458333333333334,0.22916666666666666,0.125,0.07291666666666667,0.0625,,0.03058260803863967,0.08078488724840037,0.08482542202850978,0.06810126758548359,0.0,-0.11592569268679792,83
Strategy_V6_5_PostTP1StopPlacement,Fib 0.840,0.84,BTC,4h,0.9,4,0.05,C,561,-0.0704528894394735,48,10.59975816203144,10000.0,10720.03509067513,0.07200350906751307,0.015461851855709696,720.0350906751244,1546.4473441612963,1.1774160231276767,15.000731055731757,0.08150823967099936,0.5270751632574657,0.6458333333333334,154.14486791380918,-238.73269497958592,0.25942830264806865,0.0689424329427624,0.13592306664909412,-0.11375443651243389,35.916666666666664,826.4122534861718,165.28251916640676,0.3541666666666667,0.625,0.5227272727272727,0.11363636363636363,-0.10002990906835371,44,0.09532539895597592,-0.021292202217434775,0.6458333333333334,0.125,0.0625,0.020833333333333332,0.020833333333333332,,0.02949879548946104,0.10349156438861375,0.023218361560232027,0.06412728997186883,0.0,-0.12622841145627223,84
Strategy_V6_5_PostTP1StopPlacement,Fib 0.900,0.9,SOL,4h,0.9,10,0.0025,C,144,0.5084995952585873,135,29.811819830713425,10000.0,11498.400479048943,0.14984004790489425,0.031291160164355736,1498.4004790489298,3401.75882815841,1.1436509079982746,11.09926280776985,0.0609524049490932,0.20609214769883683,0.6888888888888889,128.27146601651026,-248.35347286872673,0.31798010070005545,0.17109621298152272,0.11531105812750458,-0.27136304767714214,48.62222222222222,1903.35834910948,380.67182111908426,0.3111111111111111,0.6518518518518519,0.022222222222222223,0.6592592592592592,-0.04357177959787594,135,0.3150189713102971,-0.12560953644708028,0.6888888888888889,0.2074074074074074,0.08888888888888889,0.05185185185185185,0.037037037037037035,,0.13653624501275174,0.08078488724840037,0.08283305514182149,0.0671426249069237,0.0,-0.24133001831512974,85
Strategy_V6_5_PostTP1StopPlacement,no_stop_movement,,SOL,1d,0.9,7,0.0025,C,125,0.5360028937917918,41,9.059437386569874,10000.0,10432.28652662934,0.043228652662933964,0.009388588921734886,432.28652662933246,826.217973942176,1.1194034054097737,10.543573820227621,0.0640441245377761,-0.45486951413636567,0.34146341463414637,289.4766744483647,-134.0884042832509,0.1566725412795152,0.09871391971646162,0.07131574983873222,-0.13164818350736684,160.97560975609755,393.93144731284343,78.78632566273066,0.1951219512195122,0.7317073170731707,0.12195121951219512,0.6829268292682927,-0.2895499317595362,41,0.0992719603938721,-0.05098220435901746,0.8048780487804879,0.34146341463414637,0.2682926829268293,0.07317073170731707,0.07317073170731707,,0.07716599675765727,0.09855954781756653,0.029826710991823976,0.05721465616634697,0.0,-0.2522541919128986,86
Strategy_V6_5_PostTP1StopPlacement,no_stop_movement,,XRP,4h,0.9,4,0.0025,C,338,0.1656234549000972,79,17.44543530834341,10000.0,10051.804907304127,0.005180490730412712,0.0011409152377843679,51.8049073040998,1156.6808985908146,1.0058650770992583,0.6557583203050608,0.021800804744096815,-0.4989238979702404,0.34177215189873417,329.05852094992883,-169.8610607373842,0.06587380955395643,0.04403699378103314,0.006014519299890929,-0.18969350348664737,173.56962025316454,1104.8759912867147,220.9752533635659,0.3670886075949367,0.4936708860759494,0.1282051282051282,0.44871794871794873,-0.12169747400014135,78,0.1752638281259522,-0.14471928202431816,0.6329113924050633,0.34177215189873417,0.21518987341772153,0.1518987341772152,0.13924050632911392,,0.0527910042013746,0.09855954781756653,0.061898329847672906,0.1,0.0,-0.43918015820065537,87
Strategy_V6_5_PostTP1StopPlacement,no_stop_movement,,SOL,4h,0.9,10,0.0025,C,144,0.5084995952585873,113,24.95359733978235,10000.0,8744.11590997625,-0.125588409002375,-0.02918152516075223,-1255.8840900237433,107.61532264876196,0.8892016479454885,-11.11401849578534,-0.045190946721545264,-0.47729323124706596,0.3185840707964602,279.9716235671614,-147.2060069927474,-0.14486745666315023,-0.10080732693764015,-0.0869346024640721,-0.33567215278648366,107.29203539823008,1363.499412672505,272.69989774707955,0.2920353982300885,0.6283185840707964,0.168141592920354,0.5398230088495575,-0.23093900568006445,113,0.1669267538868633,-0.250671399824293,0.7079646017699115,0.3185840707964602,0.18584070796460178,0.12389380530973451,0.07964601769911504,fees_exceed_gross_profit,0.1916219363942056,0.09855954781756653,0.07898101572814029,0.1,0.0,-0.9882466681318293,88
